leader_user_id,total_events,first_led_date,last_led_date,tenure_days,events_per_month,consistency_std,avg_gap_days
3,375,2019-06-18 06:00:00,2025-03-08 10:00:00,2090,5.461722488038277,13.766011759658829,5.58868092691622
5,9,2019-06-24 06:00:00,2019-09-02 06:00:00,70,3.9137142857142857,7.977647343851265,8.75
6,488,2019-08-01 06:00:00,2025-03-10 19:00:00,2048,7.25328125,4.42817001668963,4.20645106091718
9,108,2019-10-29 06:00:00,2024-10-30 06:00:00,1828,1.7984245076586434,38.368576985072316,17.08411214953271
13,85,2019-07-04 06:00:00,2021-04-15 21:00:00,651,3.9745007680491553,8.35893666143416,7.757440476190476
28,57,2019-06-25 06:00:00,2022-07-22 06:00:00,1123,1.545040071237756,39.58236314742914,20.053571428571427
31,20,2019-06-18 05:15:00,2020-06-10 06:00:00,358,1.7005586592178772,61.12888827606211,18.84375
32,5,2020-04-05 12:00:00,2020-04-24 23:00:00,19,8.010526315789473,8.404117776533825,4.864583333333333
34,174,2019-06-24 06:15:00,2025-01-21 06:00:00,2037,2.600176730486009,83.21768079727666,11.780286608863198
35,490,2019-06-17 06:00:00,2025-03-22 10:00:00,2105,7.085795724465559,5.5938992715670075,4.305044308111793
36,28,2019-06-18 06:00:00,2020-01-21 06:00:00,217,3.927741935483871,7.546490769914739,8.037037037037036
42,72,2019-06-19 06:15:00,2020-08-08 10:00:00,416,5.268461538461539,11.466700277994436,5.861355633802817
45,29,2019-06-17 05:45:00,2020-01-06 06:00:00,203,4.348571428571429,4.292931818570979,7.250372023809525
46,107,2019-07-17 18:45:00,2021-06-03 06:00:00,686,4.747930029154519,21.53790311520009,6.476120283018868
49,23,2020-03-30 06:00:00,2020-12-08 06:00:00,253,2.7672727272727276,16.145188799219223,11.5
50,137,2019-06-17 06:00:00,2023-09-08 06:00:00,1544,2.700958549222798,37.714086361555196,11.352941176470589
55,32,2019-06-18 06:00:00,2019-12-31 06:00:00,196,4.969795918367347,5.769456770432789,6.322580645161289
57,6,2019-08-21 19:00:00,2020-11-28 07:50:00,464,0.39362068965517244,172.74304003350017,92.90694444444445
66,468,2019-06-20 05:45:00,2025-03-09 06:30:00,2089,6.819492580181906,6.987304399455503,4.473300321199144
76,146,2019-07-11 19:30:00,2023-04-13 09:20:00,1371,3.241604668125456,16.55409959907028,9.459147509578544
91,97,2019-10-24 06:00:00,2022-07-07 12:15:00,987,2.9915704154002025,29.03994686636602,10.283962673611112
92,117,2020-04-07 17:00:00,2022-10-15 08:00:00,920,3.8711739130434784,17.6979594176424,7.936422413793103
95,36,2020-04-05 09:00:00,2020-09-06 12:15:00,154,7.115844155844155,3.5854604644238903,4.4038690476190485
101,89,2019-09-05 05:00:00,2021-02-09 06:00:00,523,5.180038240917782,6.905239945704948,5.943655303030304
103,34,2019-06-20 19:30:00,2020-07-29 19:00:00,404,2.561782178217822,30.91298478898938,12.27209595959596
105,309,2019-06-19 06:00:00,2024-04-15 06:00:00,1762,5.338229284903519,12.882761193926564,5.720779220779221
139,76,2019-06-18 06:00:00,2021-06-16 19:30:00,729,3.173443072702332,29.00856145529133,9.7275
140,9,2020-05-19 07:00:00,2020-08-12 06:30:00,84,3.2614285714285716,10.254103160902206,10.622395833333332
149,47,2019-06-26 06:00:00,2021-11-19 06:30:00,877,1.6313340935005702,31.43670620865139,19.065670289855074
196,12,2019-11-05 06:00:00,2020-12-15 06:00:00,406,0.899704433497537,54.76943407678145,36.90909090909091
214,26,2020-05-11 06:30:00,2021-03-22 19:00:00,315,2.512507936507937,36.04187991667805,12.620833333333335
223,1,2019-07-18 06:00:00,2019-07-18 06:00:00,1,30.439999999999998,,
224,72,2019-07-09 19:30:00,2021-09-21 19:30:00,805,2.722583850931677,9.493649234714109,11.338028169014084
225,408,2019-06-22 06:00:00,2025-03-13 19:30:00,2091,5.939512195121951,8.222165923369474,5.138974201474201
226,185,2019-06-17 20:00:00,2024-04-25 07:55:00,1773,3.17619853355894,19.80898343840231,9.638568085748792
228,1,2020-04-25 14:00:00,2020-04-25 14:00:00,1,30.439999999999998,,
230,102,2019-06-19 19:30:00,2022-03-06 15:00:00,990,3.1362424242424245,15.459345636533193,9.810024752475249
231,17,2019-06-19 06:00:00,2020-06-15 19:00:00,362,1.4295027624309393,61.301227573560574,22.658854166666664
236,36,2020-04-20 18:00:00,2021-02-19 03:00:00,304,3.6047368421052632,16.7488547110786,8.696428571428571
239,147,2019-06-17 19:30:00,2025-03-02 07:00:00,2084,2.1471593090211134,30.89504743260013,14.277254566210047
245,36,2019-09-16 19:00:00,2019-12-24 19:00:00,99,11.06909090909091,2.6132102075229517,2.8285714285714287
255,229,2019-07-19 06:00:00,2023-11-03 06:00:00,1568,4.445637755102041,8.719838875519162,6.87719298245614
264,18,2020-07-12 12:30:00,2021-02-21 12:15:00,223,2.4570403587443947,9.194708737105946,13.175857843137253
265,121,2019-06-19 19:30:00,2022-09-03 08:00:00,1171,3.1453800170794195,16.88736182006247,9.762673611111113
278,406,2018-12-06 19:00:00,2021-06-30 19:00:00,937,13.189583778014942,6.629486805527963,2.31358024691358
286,214,2020-05-13 06:00:00,2025-03-01 06:30:00,1753,3.7160068454078727,23.334975892126725,8.230144757433491
300,11,2019-06-18 06:00:00,2019-07-31 06:00:00,43,7.786976744186046,2.964866286827356,4.3
303,14,2019-07-16 06:00:00,2019-12-16 06:00:00,153,2.785359477124183,11.896454977245996,11.76923076923077
304,193,2020-05-11 06:00:00,2025-03-03 06:00:00,1757,3.3437222538417757,15.786726642805371,9.151041666666666
308,214,2019-10-02 06:00:00,2025-02-27 19:30:00,1975,3.298308860759494,18.795415479896217,9.27494131455399
315,3,2020-09-02 19:00:00,2020-09-23 19:00:00,21,4.348571428571429,4.949747468305833,10.5
316,255,2019-09-06 06:00:00,2025-03-10 06:00:00,2012,3.8579522862823064,17.800034793218064,7.921259842519685
326,11,2019-07-17 19:00:00,2019-12-18 19:00:00,154,2.1742857142857144,16.416839395594412,15.4
329,267,2019-07-23 06:00:00,2023-12-20 06:00:00,1611,5.044990689013035,18.01622154905428,6.056390977443609
330,1,2020-05-16 07:00:00,2020-05-16 07:00:00,1,30.439999999999998,,
335,42,2019-08-29 05:00:00,2021-03-02 06:00:00,551,2.320290381125227,14.296453057095608,13.440040650406504
350,3,2019-08-19 19:00:00,2019-08-28 19:00:00,9,10.146666666666667,3.5355339059327378,4.5
352,88,2019-06-19 05:00:00,2024-01-01 06:30:00,1657,1.6166083283041643,48.50946716830786,19.046695402298848
357,16,2019-06-18 19:30:00,2019-08-12 19:00:00,54,9.01925925925926,3.244839716898169,3.6652777777777783
365,15,2019-08-31 07:00:00,2020-01-25 09:00:00,147,3.1061224489795918,7.116965914692252,10.505952380952381
380,1,2019-08-12 18:45:00,2019-08-12 18:45:00,1,30.439999999999998,,
398,24,2024-07-10 06:00:00,2024-12-25 06:00:00,168,4.348571428571429,6.306558294546058,7.304347826086956
423,44,2019-10-20 06:50:00,2022-09-03 08:00:00,1049,1.2767969494756912,60.07191887152774,24.396479328165373
430,30,2019-12-29 07:00:00,2024-07-06 07:00:00,1651,0.5531193216232587,273.9259896885796,56.93103448275862
450,55,2019-06-23 08:30:00,2020-11-09 06:00:00,504,3.3218253968253966,12.71391540181713,9.349922839506172
451,82,2019-06-19 05:45:00,2020-12-28 06:00:00,558,4.47326164874552,10.25066758185707,6.889017489711935
455,103,2019-06-19 19:00:00,2022-07-30 06:00:00,1136,2.759964788732394,36.058288800674795,11.141748366013074
486,26,2019-06-25 19:30:00,2020-01-21 19:30:00,210,3.768761904761905,8.108637370113428,8.4
492,62,2019-06-23 17:50:00,2021-01-23 08:00:00,579,3.259550949913644,22.405905864236328,9.501479963570128
500,62,2020-01-12 07:30:00,2025-03-06 06:30:00,1879,1.004406599254923,78.4707312611233,30.81898907103825
525,10,2020-05-27 19:00:00,2020-07-08 19:00:00,42,7.247619047619048,2.172301700023716,4.666666666666667
534,517,2019-08-04 06:00:00,2025-03-11 19:30:00,2046,7.691827956989248,7.430598042335711,3.9662063953488373
536,42,2020-04-24 19:20:00,2021-04-30 19:20:00,371,3.446037735849057,5.666546560504821,9.048780487804878
561,113,2022-11-16 06:00:00,2025-03-08 07:00:00,843,4.0803321470937135,4.193284059510921,7.527157738095239
571,2,2019-09-26 19:00:00,2019-10-01 06:00:00,4,15.219999999999999,,4.458333333333333
577,5,2019-06-20 18:30:00,2019-08-05 18:45:00,46,3.3086956521739133,9.042148184662912,11.502604166666668
584,275,2020-10-11 06:30:00,2025-03-11 06:00:00,1611,5.196151458721292,7.935272874091024,5.883135644768856
587,51,2019-06-19 19:30:00,2022-07-31 07:00:00,1137,1.365382585751979,42.22581079203889,22.74958333333333
595,492,2019-06-16 19:00:00,2025-03-09 08:00:00,2092,7.1589292543021035,5.729561050029496,4.261795655125595
673,4,2020-05-16 17:50:00,2020-06-13 17:50:00,28,4.348571428571429,4.041451884327381,9.333333333333334
684,21,2019-06-18 19:15:00,2023-04-15 10:30:00,1396,0.4579083094555874,139.96750203093734,69.83177083333332
822,88,2020-04-03 17:00:00,2021-09-15 18:00:00,530,5.054188679245283,11.059455490612708,6.09243295019157
827,17,2021-10-31 07:00:00,2022-10-02 07:30:00,336,1.5401190476190476,24.140417339991416,21.001302083333332
836,163,2019-07-03 06:00:00,2022-11-16 06:00:00,1232,4.02737012987013,7.651586042398543,7.604938271604938
856,34,2021-06-21 06:00:00,2024-11-23 07:30:00,1251,0.8273061550759393,164.96340257211833,37.91098484848486
884,81,2019-07-03 19:30:00,2020-08-03 19:00:00,396,6.2263636363636365,9.621612348871231,4.962239583333334
903,126,2019-06-10 06:15:00,2021-08-23 06:00:00,804,4.77044776119403,10.944404371461237,6.439916666666666
906,6,2020-05-22 09:00:00,2020-06-26 09:00:00,35,5.218285714285714,0.0,7.0
914,64,2019-06-23 07:30:00,2020-12-19 14:30:00,545,3.5746055045871565,18.539523490293796,8.65542328042328
921,25,2019-10-04 19:00:00,2020-06-28 06:30:00,267,2.850187265917603,26.989768340562772,11.144965277777779
935,10,2019-06-23 06:30:00,2019-07-29 06:00:00,35,8.697142857142858,2.918176589159226,3.9976851851851856
981,3,2019-06-21 05:30:00,2019-10-13 07:30:00,114,0.8010526315789475,76.42645793324601,57.041666666666664
984,34,2019-06-20 05:30:00,2020-06-21 07:30:00,367,2.8200544959128067,15.830306504983387,11.123737373737374
993,181,2019-06-18 05:30:00,2025-03-06 05:30:00,2088,2.6387164750957854,12.926149392035285,11.6
994,147,2019-06-18 05:30:00,2025-03-08 07:30:00,2090,2.140995215311005,20.885953638791182,14.315639269406391
996,221,2019-06-24 20:00:00,2025-03-08 10:00:00,2083,3.229591934709554,15.41626238094371,9.470833333333331
1062,16,2020-04-29 20:00:00,2020-10-16 07:00:00,169,2.88189349112426,7.801716632088569,11.29722222222222
1072,59,2019-09-23 19:30:00,2022-03-23 06:00:00,911,1.9714160263446763,29.272624216462464,15.714439655172415
1091,294,2019-06-18 06:00:00,2023-09-16 08:30:00,1551,5.770058027079304,11.364623424505064,5.29387087599545
1095,8,2020-06-23 20:30:00,2020-08-25 20:30:00,63,3.865396825396825,3.415650255319866,9.0
1176,15,2019-09-23 07:00:00,2019-11-22 07:00:00,60,7.61,4.195759240518408,4.285714285714286
1190,7,2019-08-06 06:00:00,2020-05-27 06:00:00,295,0.7223050847457628,74.83219357479807,49.166666666666664
1305,20,2021-08-11 06:00:00,2024-12-11 12:50:00,1218,0.4998357963875205,218.9329848769648,64.12024853801171
1351,3,2019-09-23 19:00:00,2019-10-28 19:00:00,35,2.609142857142857,2.1213203435596424,17.5
1359,267,2020-07-21 06:00:00,2025-03-07 06:00:00,1690,4.80915976331361,8.99357424275531,6.353383458646617
1411,718,2019-06-17 20:00:00,2025-03-05 20:00:00,2088,10.467394636015326,4.96804414367238,2.912133891213389
1439,1,2019-08-29 06:00:00,2019-08-29 06:00:00,1,30.439999999999998,,
1440,30,2020-04-12 07:55:00,2021-08-01 07:55:00,476,1.9184873949579833,14.156995581322423,16.413793103448278
1452,16,2020-07-04 07:00:00,2021-09-21 07:00:00,444,1.096936936936937,44.229531294058084,29.6
1468,90,2022-04-14 16:30:00,2023-09-19 18:00:00,523,5.238240917782027,9.613242320946764,5.877106741573034
1469,67,2019-07-16 06:00:00,2021-06-30 19:15:00,715,2.8524195804195807,18.36515805852157,10.841698232323234
1491,13,2022-08-18 06:30:00,2023-02-16 07:00:00,182,2.1742857142857144,10.268708514356605,15.168402777777777
1497,188,2019-06-20 06:00:00,2024-05-17 06:00:00,1793,3.1917010596765203,17.713679769137595,9.588235294117647
1520,73,2019-06-21 06:00:00,2021-04-22 06:00:00,671,3.3116542473919526,21.305008887300318,9.319444444444445
1522,1,2019-07-09 06:30:00,2019-07-09 06:30:00,1,30.439999999999998,,
1532,74,2019-06-17 18:30:00,2020-10-13 18:30:00,484,4.65404958677686,9.635004094395214,6.63013698630137
1552,5,2019-09-25 19:00:00,2019-10-28 19:00:00,33,4.612121212121212,7.455423082115014,8.25
1615,25,2022-10-18 19:30:00,2025-03-11 06:30:00,874,0.8707093821510298,67.10011489975396,36.43576388888889
1637,3,2019-09-18 06:15:00,2019-10-31 06:00:00,42,2.1742857142857144,28.99874372428581,21.494791666666668
1654,53,2023-11-04 07:30:00,2025-03-09 07:00:00,490,3.2924897959183674,15.42863254300149,9.441907051282051
1718,30,2019-06-17 05:15:00,2020-07-31 18:00:00,410,2.227317073170732,27.688794883796465,14.15625
1749,294,2019-09-20 07:00:00,2025-03-10 06:00:00,1997,4.481402103154732,11.061007718759859,6.818970420932879
1787,5,2021-02-02 07:30:00,2021-02-18 07:30:00,16,9.5125,2.449489742783178,4.0
1874,48,2019-07-15 19:30:00,2020-11-30 19:30:00,504,2.899047619047619,11.526874793582952,10.72340425531915
1889,500,2020-09-23 12:15:00,2025-03-08 10:00:00,1626,9.36039360393604,4.522733969716908,3.260333166332665
1958,13,2021-03-04 19:00:00,2024-09-19 19:00:00,1295,0.3055752895752896,158.2888374478948,107.91666666666667
2160,64,2022-06-21 06:00:00,2024-09-14 05:30:00,815,2.39038036809816,14.092029138347426,12.952050264550264
2183,40,2020-03-21 08:00:00,2020-11-28 07:50:00,251,4.850996015936255,7.049019770884711,6.461360398860399
2212,31,2019-06-25 05:30:00,2020-06-17 20:00:00,358,2.6358659217877096,18.89042219925378,11.953472222222224
2685,61,2020-06-22 06:30:00,2023-04-12 18:30:00,1024,1.8133203125,66.69094209248449,17.075
2733,47,2024-06-18 06:00:00,2025-03-13 05:45:00,267,5.358352059925094,4.0598012540319015,5.825860507246376
2977,15,2019-06-18 07:30:00,2019-07-17 07:30:00,29,15.744827586206897,2.8108401356195567,2.0714285714285716
3109,4,2019-06-17 05:00:00,2019-06-23 07:00:00,6,20.293333333333333,2.6696218434521843,2.027777777777778
3286,3,2025-02-26 06:00:00,2025-03-12 06:00:00,14,6.522857142857143,0.0,7.0
3302,87,2019-08-30 19:20:00,2021-07-03 07:00:00,672,3.9408928571428574,14.947959484340616,7.819605943152453
3306,9,2020-11-28 07:50:00,2021-06-22 06:00:00,205,1.336390243902439,26.49145817790935,25.740451388888893
3462,16,2019-06-19 19:00:00,2021-02-08 19:00:00,600,0.8117333333333333,86.97320303193922,40.0
3516,65,2019-07-07 07:00:00,2021-03-21 07:00:00,623,3.1759229534510434,14.23383450631229,9.734375
3605,10,2019-07-18 19:00:00,2019-09-11 18:30:00,54,5.637037037037038,4.196634132268795,6.108796296296297
4049,12,2019-08-15 06:00:00,2020-01-16 06:00:00,154,2.371948051948052,11.721774609674084,14.0
4074,59,2020-09-14 06:00:00,2022-03-06 07:00:00,538,3.3382156133829,17.43327415339426,9.276580459770114
5181,27,2019-06-20 19:30:00,2020-09-08 19:30:00,446,1.8427802690582962,19.10703542743513,17.153846153846153
5400,43,2019-10-15 06:00:00,2019-12-18 06:00:00,64,20.451874999999998,0.9687330231549801,1.5238095238095237
5504,2,2020-01-15 19:00:00,2020-01-22 19:00:00,7,8.697142857142858,,7.0
6090,74,2022-10-05 07:00:00,2024-12-18 06:00:00,804,2.8016915422885575,12.64075863738324,11.026826484018265
6287,55,2019-10-30 06:00:00,2021-04-27 19:00:00,545,3.0719266055045877,17.49260177439272,10.102623456790123
6326,1,2020-04-24 17:00:00,2020-04-24 17:00:00,1,30.439999999999998,,
6390,278,2020-05-09 07:00:00,2025-03-08 06:30:00,1763,4.799954622802042,18.60569609176884,6.368155836341757
6410,6,2019-08-17 06:00:00,2019-12-15 06:00:00,120,1.522,11.661903789690601,24.0
6681,398,2019-08-07 05:30:00,2023-11-01 05:30:00,1547,7.83136393018746,11.36103442869033,3.8967254408060454
6724,2,2019-08-07 05:30:00,2019-10-23 05:30:00,77,0.7906493506493506,,77.0
6796,3,2019-06-19 05:30:00,2019-08-04 16:00:00,46,1.9852173913043478,26.560698468319693,23.21875
6995,64,2019-09-21 19:00:00,2022-07-09 05:30:00,1021,1.908090107737512,21.72915465438929,16.21329365079365
7331,40,2019-07-06 19:00:00,2021-09-11 05:15:00,797,1.527728983688833,92.28145811510224,20.446848290598293
7697,92,2019-06-22 19:00:00,2022-07-21 05:30:00,1124,2.4915302491103204,38.87960286584819,12.356456043956044
7761,130,2022-07-11 19:00:00,2025-03-05 19:00:00,968,4.08801652892562,12.643627366562814,7.503875968992248
7834,12,2019-10-01 06:00:00,2020-06-06 07:00:00,249,1.466987951807229,28.903582971421702,22.640151515151516
7844,35,2021-11-11 07:00:00,2023-05-07 08:00:00,542,1.9656826568265684,48.24188420055253,15.942401960784313
7949,4,2023-08-02 06:00:00,2023-08-26 07:00:00,24,5.073333333333333,5.172263993147954,8.01388888888889
7979,25,2020-06-25 20:30:00,2021-04-16 20:30:00,295,2.579661016949153,23.118258581279814,12.291666666666666
8231,54,2020-06-07 07:30:00,2021-07-18 07:30:00,406,4.048669950738916,5.407886413238965,7.660377358490566
8460,6,2019-06-22 06:00:00,2019-08-17 06:00:00,56,3.2614285714285716,9.987933257881176,11.2
8472,83,2019-10-06 07:30:00,2022-12-11 08:00:00,1162,2.1742857142857144,15.623145890611866,14.170985772357726
8506,37,2020-08-08 06:00:00,2021-11-20 05:30:00,468,2.4065811965811967,10.244474192183636,13.027199074074074
8560,18,2019-06-19 05:30:00,2021-11-16 05:30:00,881,0.6219296254256527,145.21400618059602,51.8235294117647
8582,103,2021-09-24 05:30:00,2024-09-25 05:30:00,1097,2.8580856882406565,41.94181263085534,10.754901960784315
8589,101,2019-07-07 18:50:00,2022-10-02 06:00:00,1182,2.6010490693739428,22.26536943841079,11.824652777777779
8654,18,2020-08-25 06:30:00,2021-11-30 06:30:00,462,1.1859740259740261,46.05234866833645,27.176470588235293
8751,133,2022-09-02 19:00:00,2025-02-07 19:00:00,889,4.554015748031496,7.79306943412379,6.734848484848484
8857,24,2019-06-28 05:30:00,2020-08-14 06:00:00,413,1.768910411622276,43.93252171885702,17.957427536231886
8968,21,2019-06-18 06:00:00,2019-11-12 06:00:00,147,4.348571428571429,6.078143815083854,7.35
9029,4,2020-06-13 07:45:00,2021-12-04 07:45:00,539,0.22589981447124305,156.89862351179448,179.66666666666666
9075,83,2019-06-26 19:00:00,2021-10-23 06:00:00,849,2.9758775029446407,27.834532898373638,10.359247967479675
9147,61,2021-01-07 19:30:00,2022-09-15 19:00:00,615,3.0192520325203254,19.93687830430129,10.266319444444443
9196,67,2020-06-07 08:00:00,2021-06-20 06:50:00,377,5.40976127320955,7.618558904277321,5.7265361952861955
9258,52,2020-04-03 06:00:00,2021-12-03 19:00:00,609,2.5991461412151065,12.029171209841852,11.951797385620914
9326,16,2019-09-23 06:00:00,2020-01-17 06:00:00,116,4.198620689655173,5.711977460384145,7.733333333333333
9547,33,2021-05-19 18:50:00,2022-09-21 19:00:00,490,2.050040816326531,31.998373690638573,15.31271701388889
9707,2,2019-09-01 07:00:00,2019-09-04 06:00:00,2,30.439999999999998,,2.9583333333333335
9716,54,2019-07-02 06:00:00,2020-12-04 06:00:00,521,3.1550095969289833,18.308129982824273,9.830188679245284
9755,188,2021-11-03 06:00:00,2025-03-11 06:00:00,1224,4.675424836601307,20.409819444540865,6.545454545454546
9814,78,2019-08-25 11:00:00,2022-02-23 19:00:00,913,2.600569550930997,34.26110771098846,11.86147186147186
9818,1,2019-09-22 11:00:00,2019-09-22 11:00:00,1,30.439999999999998,,
10108,23,2019-11-10 17:00:00,2020-09-26 07:00:00,320,2.187875,18.18428309079045,14.571969696969695
10238,44,2019-08-01 18:50:00,2023-12-02 14:00:00,1583,0.8460897030953884,114.26533278222834,36.832525839793284
10385,6,2020-11-05 19:00:00,2020-12-10 19:00:00,35,5.218285714285714,0.0,7.0
10521,64,2020-06-04 19:30:00,2022-07-23 08:00:00,778,2.504061696658098,31.6327485216907,12.357473544973546
10870,23,2021-06-15 05:15:00,2021-11-13 05:15:00,151,4.636556291390728,20.1146605017228,6.863636363636363
10878,2,2020-04-24 19:00:00,2020-05-10 08:00:00,15,4.058666666666667,,15.541666666666666
10957,60,2019-06-18 06:00:00,2020-12-12 07:00:00,543,3.36353591160221,11.528142071673528,9.204096045197742
10958,81,2019-06-18 06:00:00,2021-03-27 07:00:00,648,3.805,12.42504891893555,8.100520833333334
11092,25,2020-06-07 08:00:00,2021-04-11 07:50:00,307,2.478827361563518,11.334818195531824,12.833043981481481
11099,22,2020-02-26 07:00:00,2021-08-21 08:00:00,542,1.2355719557195572,90.345269544129,25.81150793650794
11131,5,2019-08-15 19:00:00,2023-08-31 19:00:00,1477,0.1030467163168585,705.841046789809,369.25
11395,12,2019-06-19 19:00:00,2019-11-20 19:00:00,154,2.371948051948052,16.858232410309213,14.0
11414,139,2021-12-15 06:00:00,2025-02-12 06:30:00,1155,3.6633419913419916,10.553338814939437,8.369716183574878
11637,12,2020-08-05 06:00:00,2021-06-14 05:45:00,312,1.1707692307692308,48.37191782539423,28.453598484848484
11695,4,2019-11-20 17:00:00,2020-01-08 17:00:00,49,2.4848979591836735,4.041451884327381,16.333333333333332
11748,44,2021-08-25 06:00:00,2023-12-18 06:30:00,845,1.5850414201183431,65.17869628075374,19.651647286821703
12056,16,2019-09-28 06:00:00,2020-01-02 06:00:00,96,5.073333333333333,5.763631185671447,6.4
12129,111,2021-07-03 07:00:00,2024-09-08 06:30:00,1162,2.907779690189329,17.566738046569533,10.572537878787877
12763,3,2020-06-01 19:00:00,2020-06-10 19:00:00,9,10.146666666666667,3.5355339059327378,4.5
12784,1,2019-09-18 19:00:00,2019-09-18 19:00:00,1,30.439999999999998,,
12848,102,2020-04-16 17:00:00,2022-06-08 20:00:00,783,3.9653639846743296,7.493189910001612,7.753712871287129
13068,277,2019-06-26 19:00:00,2023-12-29 19:00:00,1647,5.119538554948391,16.7792728594324,5.967391304347826
13574,1,2019-08-20 18:45:00,2019-08-20 18:45:00,1,30.439999999999998,,
13623,59,2020-04-10 12:00:00,2020-07-24 12:15:00,105,17.104380952380954,1.721900308105766,1.8105244252873562
13745,1,2019-11-03 06:00:00,2019-11-03 06:00:00,1,30.439999999999998,,
13849,50,2019-06-26 19:00:00,2020-12-28 19:00:00,551,2.762250453720508,26.94929168764143,11.244897959183673
13900,49,2023-01-10 05:30:00,2025-03-04 05:30:00,784,1.9025,23.253218990285315,16.333333333333332
13912,58,2023-08-02 05:30:00,2025-03-12 05:30:00,588,3.0025850340136055,12.420700715355908,10.31578947368421
13957,758,2020-08-05 06:00:00,2025-03-11 05:30:00,1678,13.750607866507748,7.061944283591192,2.217938132981066
14092,23,2024-04-30 06:00:00,2025-02-11 06:00:00,287,2.4394425087108016,7.574878736903178,13.045454545454545
14245,109,2019-07-26 06:00:00,2022-03-01 06:00:00,949,3.4962697576396207,14.380515211857032,8.787037037037036
14253,105,2019-09-26 19:00:00,2021-12-02 19:30:00,798,4.005263157894737,12.451076955972644,7.673277243589744
14653,60,2023-09-11 19:00:00,2025-03-10 19:00:00,546,3.345054945054945,8.937865701716431,9.254237288135593
14675,1,2020-08-23 07:50:00,2020-08-23 07:50:00,1,30.439999999999998,,
14709,1,2019-11-23 06:00:00,2019-11-23 06:00:00,1,30.439999999999998,,
14770,7,2021-06-27 06:30:00,2021-11-09 06:00:00,134,1.5901492537313433,46.017103962115925,22.496527777777782
15328,108,2021-09-04 07:00:00,2024-06-19 19:00:00,1019,3.2262217860647695,19.28100713145048,9.52803738317757
15369,26,2019-11-14 19:30:00,2021-01-21 19:00:00,433,1.8278060046189377,36.80250901961561,17.359166666666667
15667,33,2020-10-21 06:00:00,2021-11-24 05:30:00,398,2.52391959798995,18.775582148139645,12.468098958333334
15883,34,2020-04-12 07:55:00,2021-08-01 07:55:00,476,2.1742857142857144,20.849206074558182,14.424242424242424
16620,61,2020-12-31 06:00:00,2022-03-25 06:00:00,449,4.135501113585746,11.097180989460696,7.483333333333333
16676,74,2020-04-24 19:20:00,2022-01-12 19:00:00,627,3.592599681020734,7.809116424402084,8.602549467275495
16781,1,2019-08-27 18:30:00,2019-08-27 18:30:00,1,30.439999999999998,,
17057,129,2020-10-15 05:00:00,2022-09-29 05:30:00,714,5.499663865546219,7.974677506822834,5.578287760416667
17410,11,2020-08-08 06:00:00,2021-01-09 06:00:00,154,2.1742857142857144,9.788882582921415,15.4
17720,56,2019-08-12 06:00:00,2022-07-20 05:30:00,1072,1.5901492537313433,37.126435731344266,19.508712121212117
17727,46,2020-10-21 06:00:00,2021-10-27 05:30:00,370,3.7844324324324328,12.47166503024128,8.243981481481482
18509,29,2020-10-22 06:00:00,2022-02-05 07:00:00,471,1.8742250530785562,21.31212320338121,16.822916666666668
18522,5,2019-09-17 18:30:00,2019-10-22 18:30:00,35,4.348571428571429,3.5,8.75
18684,1,2020-12-16 06:00:00,2020-12-16 06:00:00,1,30.439999999999998,,
18773,7,2020-04-19 19:00:00,2021-12-04 07:45:00,593,0.35932546374367624,154.6631780472107,98.921875
18860,5,2021-08-13 18:50:00,2021-12-17 19:10:00,126,1.2079365079365079,23.222655207619457,31.50347222222222
18896,77,2021-11-28 07:00:00,2024-01-11 06:00:00,773,3.0321862871927556,14.985936625607671,10.183662280701753
19444,12,2021-11-04 19:30:00,2022-02-28 19:00:00,115,3.176347826086957,4.697964749804328,10.543560606060606
19762,1,2023-06-07 17:00:00,2023-06-07 17:00:00,1,30.439999999999998,,
20224,2,2022-08-07 19:00:00,2022-08-09 19:00:00,2,30.439999999999998,,2.0
20699,34,2019-10-09 05:30:00,2021-07-23 05:30:00,653,1.5849310872894333,100.754532614709,19.78787878787879
20889,5,2021-09-15 19:00:00,2021-11-10 19:00:00,56,2.717857142857143,14.0,14.0
21198,94,2021-07-22 05:30:00,2025-03-08 10:00:00,1325,2.1595169811320756,17.911951807275678,14.249327956989248
21250,3,2023-09-17 11:30:00,2023-09-21 19:30:00,4,22.83,0.23570226039551595,2.166666666666667
21422,9,2021-01-02 10:00:00,2021-02-20 12:15:00,49,5.591020408163265,5.788800671654347,6.13671875
21514,5,2019-10-10 19:30:00,2019-11-07 19:30:00,28,5.435714285714286,0.0,7.0
21885,1,2020-10-11 09:30:00,2020-10-11 09:30:00,1,30.439999999999998,,
22047,20,2019-10-25 19:20:00,2020-08-14 19:20:00,294,2.0707482993197277,16.195966502452944,15.473684210526315
22106,12,2020-06-07 17:00:00,2020-09-01 06:00:00,85,4.297411764705882,4.248049909111595,7.7765151515151505
22169,40,2020-07-16 05:30:00,2022-11-12 07:30:00,849,1.4341578327444051,35.64380610858912,21.771367521367523
22317,21,2023-08-02 06:00:00,2024-06-04 06:00:00,307,2.0822149837133552,26.72769418282111,15.35
22343,30,2021-09-08 19:00:00,2023-10-16 19:00:00,768,1.1890625000000001,71.1665636562847,26.48275862068966
22415,84,2020-06-13 07:30:00,2022-05-22 07:30:00,708,3.6115254237288137,6.912317498806833,8.53012048192771
22487,20,2022-01-11 05:30:00,2022-05-25 06:00:00,134,4.543283582089552,9.171214454229307,7.053728070175439
22565,3,2024-12-23 19:00:00,2025-02-17 19:00:00,56,1.6307142857142858,29.698484809834994,28.0
23076,284,2020-03-30 19:00:00,2022-06-10 06:00:00,801,10.792709113607991,3.5417331118541395,2.8320082449941104
23136,1,2021-10-30 10:00:00,2021-10-30 10:00:00,1,30.439999999999998,,
23330,10,2020-05-23 06:50:00,2021-04-18 08:00:00,330,0.9224242424242425,62.02539920725439,36.67206790123456
23353,410,2020-05-04 09:00:00,2025-03-08 08:00:00,1768,7.059049773755657,3.8000136828439492,4.3250814995925015
23619,219,2021-05-12 06:00:00,2025-03-10 19:00:00,1398,4.768497854077253,10.711737024877202,6.41532874617737
24304,129,2021-10-06 06:00:00,2025-03-11 19:00:00,1252,3.1363897763578277,18.207697257717395,9.785481770833332
24308,5,2019-10-09 19:30:00,2020-05-13 18:30:00,216,0.7046296296296297,90.0125545834518,54.239583333333336
24703,39,2020-09-03 19:00:00,2021-07-13 06:00:00,312,3.805,7.08755729129138,8.222587719298245
24833,92,2020-06-15 06:00:00,2021-06-03 06:00:00,353,7.933371104815865,3.5745440492344254,3.879120879120879
24954,1,2021-06-30 19:00:00,2021-06-30 19:00:00,1,30.439999999999998,,
25172,46,2020-04-25 06:00:00,2022-06-23 05:30:00,788,1.7769543147208122,34.53699903834082,17.532870370370368
26899,120,2022-06-16 06:00:00,2025-03-08 10:00:00,996,3.6674698795180727,5.566288970651587,8.371148459383754
27007,39,2019-11-09 07:00:00,2022-06-04 08:30:00,938,1.265628997867804,23.92064229794432,24.685855263157894
27166,52,2020-08-01 08:00:00,2022-09-10 07:30:00,769,2.0583615084525357,25.615667617531077,15.09763071895425
27245,94,2020-11-06 06:00:00,2021-12-29 06:00:00,418,6.845358851674641,3.943934651993206,4.494623655913978
27349,80,2023-06-25 05:30:00,2025-03-06 05:45:00,620,3.927741935483871,11.447894512125421,7.848233122362869
27588,4,2019-10-19 07:00:00,2019-12-14 08:15:00,56,2.1742857142857144,20.219287552245017,18.684027777777775
27733,1,2025-02-23 17:00:00,2025-02-23 17:00:00,1,30.439999999999998,,
27979,43,2020-04-15 18:30:00,2021-09-05 08:30:00,507,2.581696252465483,22.683151251915966,12.08531746031746
28033,45,2022-05-18 19:00:00,2023-06-27 19:00:00,405,3.382222222222222,13.113324042993149,9.204545454545455
28117,99,2020-08-18 06:00:00,2024-07-05 06:00:00,1417,2.1267184191954835,54.16756247299932,14.45918367346939
28193,52,2020-07-14 19:30:00,2021-11-09 19:30:00,483,3.277184265010352,15.173523047560069,9.470588235294118
28209,13,2021-04-17 10:00:00,2021-08-24 19:30:00,129,3.067596899224806,11.462098067252999,10.782986111111112
28226,6,2019-11-06 19:30:00,2020-06-03 19:30:00,210,0.8697142857142858,63.194145298437256,42.0
28369,2,2020-04-05 11:00:00,2020-04-12 11:00:00,7,8.697142857142858,,7.0
28394,94,2021-06-22 06:00:00,2024-06-21 06:00:00,1095,2.6131141552511417,21.101492935685272,11.774193548387096
28944,4,2020-01-21 07:00:00,2021-06-23 19:30:00,519,0.23460500963391137,127.01345941660882,173.17361111111111
28999,73,2021-05-15 07:00:00,2024-02-19 06:00:00,1009,2.202299306243806,31.38711983096858,14.027199074074073
29501,46,2021-08-16 19:00:00,2025-02-26 20:00:00,1290,1.0854573643410852,67.28129698275187,28.667592592592595
29536,220,2021-04-30 18:55:00,2025-03-08 10:00:00,1407,4.759630419331912,7.172593908346628,6.4275272704211055
29604,74,2021-03-16 19:30:00,2023-08-10 19:30:00,877,2.5684834663625997,20.22187887805018,12.013698630136986
29863,12,2023-07-18 19:30:00,2024-02-03 07:30:00,199,1.8355778894472363,27.084766214361977,18.136363636363637
29890,63,2020-09-14 19:00:00,2022-09-05 19:00:00,721,2.6598058252427186,15.714929203397478,11.629032258064516
29986,4,2020-01-16 07:00:00,2020-07-04 06:30:00,169,0.720473372781065,70.51900949553588,56.65972222222222
30178,1,2020-05-20 19:30:00,2020-05-20 19:30:00,1,30.439999999999998,,
30745,8,2023-05-20 06:00:00,2024-09-01 07:30:00,470,0.5181276595744682,75.31624175648588,67.15178571428571
31135,6,2021-06-29 19:00:00,2021-10-16 08:30:00,108,1.6911111111111112,7.579345906804888,21.7125
31206,8,2020-12-09 19:00:00,2021-08-29 07:00:00,262,0.9294656488549619,49.36513614552953,37.5
31372,58,2020-06-03 19:00:00,2021-09-29 19:00:00,483,3.655320910973085,5.676139085962182,8.473684210526315
31432,2,2020-08-15 06:00:00,2021-10-30 06:00:00,441,0.1380498866213152,,441.0
31870,3,2020-08-05 07:00:00,2021-01-01 19:00:00,149,0.6128859060402685,102.17692988145612,74.75
32258,5,2024-11-12 05:30:00,2025-03-11 05:30:00,119,1.2789915966386556,25.72567171494624,29.75
32608,15,2021-12-15 06:00:00,2023-09-21 06:30:00,645,0.707906976744186,142.34308132518595,46.07291666666667
32743,1,2021-04-11 07:00:00,2021-04-11 07:00:00,1,30.439999999999998,,
32750,178,2020-08-18 19:00:00,2024-05-09 06:00:00,1359,3.9869904341427524,14.336246494630979,7.680555555555555
32945,16,2021-10-08 18:30:00,2022-02-18 18:30:00,133,3.661954887218045,5.591660457025862,8.866666666666667
33031,6,2020-06-25 07:30:00,2024-05-30 19:00:00,1435,0.12727526132404182,338.3409878290522,287.0958333333333
33433,46,2024-01-10 19:00:00,2025-03-03 19:00:00,418,3.3498564593301436,6.043713080799773,9.28888888888889
33525,35,2020-08-05 07:00:00,2021-06-13 08:30:00,312,3.4147435897435896,4.051148642478469,9.178308823529411
34191,4,2020-07-10 18:10:00,2020-07-31 18:10:00,21,5.798095238095239,0.0,7.0
34709,12,2023-10-12 19:00:00,2024-09-26 19:00:00,350,1.0436571428571428,34.225190085135196,31.818181818181817
34978,36,2020-10-29 05:30:00,2021-07-22 06:30:00,266,4.119699248120301,2.001385491158651,7.601190476190477
35241,21,2021-09-17 18:50:00,2024-12-05 19:00:00,1175,0.5440340425531915,81.5493139803108,58.75034722222222
35272,47,2020-08-23 08:00:00,2022-07-08 06:00:00,683,2.094699853587116,29.8619433277128,14.867753623188404
35281,8,2020-04-18 11:30:00,2020-06-11 18:10:00,54,4.50962962962963,2.8280373785475468,7.753968253968254
35300,9,2020-12-09 05:50:00,2021-03-31 05:50:00,112,2.446071428571429,10.583005244258363,14.0
35325,108,2023-08-31 06:00:00,2025-03-11 06:00:00,558,5.891612903225807,6.30560991310139,5.214953271028038
35757,47,2021-07-20 05:30:00,2023-06-08 05:30:00,688,2.0794767441860467,21.41748418875202,14.956521739130435
35906,52,2020-09-29 06:00:00,2022-12-16 19:00:00,808,1.9590099009900992,51.29729482562424,15.853758169934641
35916,1,2020-10-11 17:00:00,2020-10-11 17:00:00,1,30.439999999999998,,
35919,9,2020-07-08 19:15:00,2020-09-09 19:15:00,63,4.348571428571429,6.971691092303785,7.875000000000001
36134,241,2020-08-19 19:00:00,2023-07-09 19:00:00,1054,6.960189753320683,9.108701566265857,4.391666666666667
36354,5,2021-11-25 19:30:00,2022-06-30 19:00:00,216,0.7046296296296297,73.04405613247886,54.244791666666664
36362,64,2020-11-15 10:00:00,2023-01-04 05:50:00,779,2.500847240051348,8.915132461766333,12.378196649029983
36429,3,2021-02-06 11:30:00,2021-04-21 06:45:00,73,1.250958904109589,42.301190045357735,36.901041666666664
36451,109,2020-12-26 08:00:00,2025-03-06 19:30:00,1531,2.167184846505552,31.988503754576087,14.180362654320989
36461,17,2023-11-23 19:30:00,2025-02-13 19:30:00,448,1.1550892857142858,59.69701276725104,28.0
36979,30,2020-11-17 06:00:00,2022-03-01 05:30:00,468,1.9512820512820515,46.89823255454534,16.171695402298848
37542,64,2021-06-17 18:30:00,2022-03-01 18:30:00,257,7.580389105058367,9.413795815254636,4.079365079365079
37571,176,2020-12-14 19:00:00,2025-03-10 19:00:00,1547,3.4631157078215904,8.65345589060086,8.84
38687,70,2021-04-22 06:00:00,2022-12-20 06:00:00,607,3.5103789126853377,18.032999885416075,8.797101449275363
38710,6,2021-01-18 20:00:00,2021-01-30 10:00:00,11,16.603636363636365,1.9143101455441678,2.3166666666666664
38930,46,2021-07-16 12:15:00,2022-07-08 12:15:00,357,3.922240896358544,6.110156785276182,7.933333333333334
38955,55,2021-10-05 06:00:00,2023-04-27 19:30:00,569,2.9423550087873465,21.433181172809963,10.547453703703704
38968,33,2021-12-15 06:00:00,2025-02-07 19:00:00,1150,0.8734956521739131,115.96515844856307,35.954427083333336
39188,10,2020-07-03 06:30:00,2020-10-23 06:30:00,112,2.717857142857143,9.11195795522443,12.444444444444445
39189,1,2020-09-07 06:30:00,2020-09-07 06:30:00,1,30.439999999999998,,
39219,55,2020-07-17 19:00:00,2021-03-06 19:00:00,232,7.216379310344828,6.202792321023074,4.296296296296297
39359,52,2021-12-31 06:00:00,2023-11-18 06:00:00,687,2.3040465793304223,22.22427450758677,13.470588235294118
39601,16,2020-09-14 19:00:00,2021-04-05 19:00:00,203,2.3992118226600985,20.714589873587947,13.533333333333333
39741,182,2020-10-18 17:00:00,2023-07-09 06:30:00,993,5.579133937562941,7.306515715917058,5.489295580110498
39865,69,2020-09-14 19:00:00,2022-10-24 19:00:00,770,2.7277402597402602,11.020254319559905,11.323529411764707
39925,2,2020-08-22 08:00:00,2020-10-31 08:00:00,70,0.8697142857142857,,70.0
40014,5,2021-06-22 07:00:00,2021-07-03 08:30:00,11,13.836363636363636,1.7240448744643124,2.765625
40179,8,2020-07-01 19:15:00,2021-05-26 19:30:00,329,0.7401823708206687,82.20688680228204,47.00148809523809
40483,32,2021-06-17 07:30:00,2022-08-24 07:00:00,432,2.254814814814815,12.969906825015432,13.967069892473116
40566,22,2021-08-30 19:00:00,2023-07-10 19:00:00,679,0.9862739322533137,55.93329360348211,32.333333333333336
40572,8,2020-11-17 20:00:00,2021-01-06 20:00:00,50,4.8704,3.7606990231680526,7.142857142857143
40656,225,2022-07-04 06:00:00,2025-03-09 17:00:00,979,6.9959141981613895,11.00542495393549,4.372581845238095
40779,8,2020-07-01 06:30:00,2020-10-16 06:30:00,107,2.27588785046729,9.041304350505275,15.285714285714286
41186,49,2024-05-31 06:00:00,2025-03-12 06:00:00,285,5.2335438596491235,3.910477322536332,5.9375
41815,1,2020-09-06 07:50:00,2020-09-06 07:50:00,1,30.439999999999998,,
41915,29,2022-08-28 06:30:00,2023-04-30 06:00:00,244,3.6178688524590163,11.020659731273565,8.749255952380953
42561,26,2024-03-06 19:30:00,2024-12-11 19:30:00,280,2.8265714285714285,8.082903768654761,11.2
42830,2,2023-11-18 06:45:00,2024-01-22 19:00:00,65,0.9366153846153846,,65.51041666666667
42853,259,2020-12-04 05:45:00,2025-03-16 08:10:00,1563,5.044120281509917,9.204272585711005,6.058529823428079
43954,4,2020-12-29 18:00:00,2021-01-19 18:00:00,21,5.798095238095239,0.0,7.0
43965,58,2023-12-21 05:50:00,2025-03-12 19:30:00,447,3.949709172259508,8.46027202970161,7.852095516569201
44000,95,2020-07-22 19:30:00,2024-07-17 19:30:00,1456,1.9861263736263737,30.59684640022516,15.48936170212766
44344,15,2021-06-15 05:30:00,2021-10-06 05:30:00,113,4.04070796460177,11.418510970386214,8.071428571428571
44491,25,2024-06-23 07:30:00,2025-03-09 07:30:00,259,2.9382239382239383,5.549459215503892,10.791666666666666
44607,15,2021-05-22 08:00:00,2022-03-12 09:00:00,294,1.5530612244897959,27.01764606563289,21.002976190476193
44804,4,2020-08-04 19:30:00,2020-12-05 14:00:00,122,0.9980327868852459,52.811346689138404,40.92361111111111
45153,41,2021-05-17 06:00:00,2022-08-10 06:00:00,450,2.7734222222222225,23.648901067991446,11.25
45346,19,2021-07-13 19:30:00,2022-03-08 19:30:00,238,2.4300840336134457,12.432778811295094,13.222222222222221
45392,79,2022-04-28 06:00:00,2023-04-24 06:00:00,361,6.661385041551247,7.669039662018109,4.628205128205128
45514,278,2021-08-19 05:30:00,2025-02-14 19:30:00,1275,6.637113725490196,7.805677084945796,4.604993983152829
46012,255,2022-07-01 06:00:00,2025-03-11 06:00:00,984,7.888414634146341,10.433420293249272,3.874015748031496
46270,102,2023-10-18 05:50:00,2025-03-12 05:50:00,511,6.076086105675147,4.8924060576012325,5.0594059405940595
46299,98,2021-02-15 19:00:00,2024-10-14 19:00:00,1337,2.2312041884816756,26.683026285498002,13.783505154639176
47414,6,2024-10-18 06:00:00,2025-02-03 07:00:00,108,1.6911111111111112,32.66522637130943,21.608333333333334
47807,7,2021-08-10 19:00:00,2021-11-20 08:30:00,101,2.10970297029703,13.528062076353239,16.927083333333332
48153,33,2022-09-25 08:00:00,2024-07-06 07:00:00,649,1.5477966101694915,14.393476984868741,20.311197916666664
48293,66,2023-04-19 19:30:00,2025-03-12 19:30:00,693,2.899047619047619,12.584656382424138,10.661538461538461
48379,9,2020-12-15 19:00:00,2023-02-26 10:00:00,802,0.34159600997506234,203.2021440047447,100.328125
48380,11,2021-02-23 06:00:00,2022-03-08 05:30:00,377,0.8881697612732097,56.478372186920005,37.797916666666666
48402,229,2021-06-14 12:15:00,2025-03-05 12:15:00,1360,5.125558823529412,6.3601273044486435,5.964912280701754
48610,3,2020-09-07 07:30:00,2021-01-25 07:30:00,140,0.6522857142857142,60.01568805320822,70.0
48769,1,2021-02-03 19:30:00,2021-02-03 19:30:00,1,30.439999999999998,,
49505,2,2020-09-09 19:00:00,2020-09-16 19:00:00,7,8.697142857142858,,7.0
50327,81,2023-04-10 19:00:00,2025-03-10 19:00:00,700,3.522342857142857,3.9378076532410837,8.75
50346,25,2023-04-12 19:30:00,2023-11-22 19:30:00,224,3.397321428571429,4.913748827141236,9.333333333333334
50547,25,2021-07-02 06:00:00,2022-03-06 10:00:00,247,3.0809716599190287,4.8419411523048534,10.298611111111112
50820,26,2022-09-23 06:00:00,2024-11-30 07:00:00,799,0.990538172715895,51.5260476087185,31.96166666666667
52323,97,2022-03-10 19:15:00,2025-03-12 06:00:00,1097,2.691595259799453,12.86936717376922,11.431749131944445
53312,94,2021-09-25 07:00:00,2024-11-10 08:00:00,1142,2.5055691768826622,24.946207594474068,12.280017921146953
53387,73,2021-10-19 06:30:00,2024-06-22 07:00:00,977,2.274431934493347,20.534404081843473,13.569733796296296
53444,6,2022-10-27 18:50:00,2023-03-09 18:50:00,133,1.373233082706767,26.83840531775314,26.6
53737,3,2020-12-08 19:00:00,2021-03-02 19:00:00,84,1.0871428571428572,39.59797974644666,42.0
54256,14,2021-07-29 06:30:00,2021-11-11 05:30:00,104,4.0976923076923075,2.283961405290094,8.073717948717949
54359,147,2021-05-17 06:00:00,2024-12-17 06:00:00,1310,3.415786259541985,12.8487904844514,8.972602739726028
54378,2,2021-09-11 08:30:00,2021-09-18 08:30:00,7,8.697142857142858,,7.0
54445,111,2022-03-06 10:00:00,2024-05-09 06:00:00,794,4.255465994962217,6.411483181877742,7.2257575757575765
54926,3,2022-08-03 05:30:00,2023-04-12 05:30:00,252,0.36238095238095236,121.62236636408618,126.0
55335,45,2022-03-19 12:15:00,2023-04-05 12:15:00,382,3.58586387434555,11.311185505841937,8.681818181818182
56051,54,2021-06-08 19:30:00,2023-01-18 19:30:00,589,2.790764006791172,12.294945041287304,11.11320754716981
56063,32,2020-12-30 03:00:00,2021-06-26 13:30:00,178,5.472359550561798,4.55035545501943,5.756048387096774
57050,100,2023-05-10 05:50:00,2025-03-12 05:50:00,672,4.529761904761905,8.040463903064172,6.787878787878788
57292,46,2023-07-16 07:00:00,2025-02-16 07:00:00,581,2.4100516351118766,10.757594546905272,12.911111111111111
57548,1,2021-07-01 18:50:00,2021-07-01 18:50:00,1,30.439999999999998,,
57739,74,2023-09-06 06:00:00,2025-03-07 06:00:00,548,4.11051094890511,7.340717540469558,7.506849315068493
58135,64,2021-06-08 19:30:00,2023-09-10 09:00:00,823,2.3671445929526125,13.529677336832746,13.072420634920634
58790,234,2023-06-21 05:50:00,2025-03-12 05:50:00,630,11.306285714285716,3.4702315124768206,2.703862660944206
59144,17,2023-09-23 07:30:00,2025-03-12 19:00:00,536,0.9654477611940299,48.76373854890153,33.529947916666664
60592,4,2021-07-31 08:30:00,2021-09-12 07:00:00,42,2.8990476190476193,12.700270666407075,14.3125
60946,163,2021-07-25 12:15:00,2025-03-06 19:00:00,1320,3.758878787878788,8.907861797575492,8.14988425925926
62393,10,2021-12-04 10:00:00,2022-07-20 07:00:00,227,1.3409691629955949,28.602004348957397,25.319444444444443
64483,76,2023-11-17 19:30:00,2025-03-13 19:30:00,482,4.7996680497925315,4.082783677842859,6.426666666666667
64638,2,2021-10-29 05:15:00,2021-11-24 05:15:00,26,2.3415384615384616,,26.0
64769,38,2022-04-09 09:00:00,2023-07-16 08:00:00,462,2.503722943722944,14.852948708783805,12.512387387387387
65096,132,2021-10-29 06:00:00,2024-09-13 06:00:00,1050,3.8267428571428574,11.961641046833966,8.01526717557252
65642,21,2025-01-06 19:00:00,2025-03-10 19:00:00,63,10.146666666666667,5.214297462392781,3.15
66227,12,2021-11-25 19:30:00,2022-07-14 19:00:00,230,1.5881739130434784,27.292093594856443,20.998106060606062
66321,3,2021-08-04 19:20:00,2021-08-18 19:20:00,14,6.522857142857143,0.0,7.0
67223,144,2022-07-01 06:00:00,2025-03-12 06:00:00,985,4.450111675126903,4.52905107478585,6.8881118881118875
68739,5,2021-09-04 10:00:00,2021-10-31 10:00:00,57,2.6701754385964915,16.479785597310826,14.25
69215,13,2022-10-13 05:30:00,2023-08-01 06:00:00,292,1.3552054794520547,31.469784373857838,24.335069444444446
69313,2,2021-08-25 19:20:00,2021-09-01 19:20:00,7,8.697142857142858,,7.0
69494,3,2023-04-10 19:00:00,2023-07-10 19:00:00,91,1.0035164835164836,14.849242404917497,45.5
70169,33,2021-11-19 19:00:00,2024-12-12 19:00:00,1119,0.8976943699731904,101.06691791779065,34.96875
70382,1,2022-09-10 08:30:00,2022-09-10 08:30:00,1,30.439999999999998,,
71023,24,2022-07-08 19:00:00,2023-03-31 19:00:00,266,2.746466165413534,6.051651572599702,11.565217391304348
71526,75,2023-04-11 19:30:00,2025-03-04 19:30:00,693,3.294372294372294,6.213275134746376,9.364864864864865
73240,152,2022-06-27 06:00:00,2025-03-04 06:30:00,981,4.716493374108054,5.250851313442589,6.496826710816777
73541,45,2022-10-14 06:00:00,2024-10-12 06:30:00,729,1.8790123456790124,48.1015825646788,16.5686553030303
73613,40,2022-08-17 06:00:00,2024-12-27 19:00:00,863,1.4108922363847047,43.03138062367761,22.14209401709402
74092,33,2024-09-05 05:50:00,2025-03-16 08:10:00,192,5.2318750000000005,4.845102909843794,6.003038194444445
75153,6,2024-07-16 06:00:00,2024-09-03 06:00:00,49,3.7273469387755105,6.058052492344384,9.8
75800,55,2022-02-18 19:30:00,2024-01-05 19:30:00,686,2.440524781341108,14.536314213202793,12.703703703703706
77541,30,2023-05-12 19:00:00,2024-11-08 19:00:00,546,1.6725274725274726,22.29211680467034,18.82758620689655
78269,4,2022-07-10 17:30:00,2022-11-20 10:30:00,132,0.9224242424242424,35.20249239299701,44.236111111111114
79486,124,2023-03-02 05:30:00,2024-10-17 06:00:00,595,6.343798319327731,6.801035497701849,4.837567750677507
82987,119,2022-07-14 12:15:00,2025-03-10 12:15:00,970,3.7343917525773196,10.91156024098549,8.220338983050848
83054,232,2022-07-07 12:15:00,2025-03-08 10:00:00,974,7.250595482546201,4.3647683651104225,4.220373376623376
83287,9,2023-11-17 19:00:00,2024-08-30 19:00:00,287,0.9545644599303137,49.27600836106756,35.875
86911,1,2022-08-31 19:00:00,2022-08-31 19:00:00,1,30.439999999999998,,
88018,26,2023-07-20 19:15:00,2024-12-15 10:30:00,513,1.5427680311890841,36.14145821197432,20.545416666666664
88911,34,2022-10-04 06:50:00,2024-05-14 06:00:00,587,1.7631345826235094,35.43054120705823,17.81712962962963
89186,83,2023-09-02 07:30:00,2025-03-05 19:00:00,550,4.593672727272728,5.766420962108079,6.713160569105691
89235,110,2023-06-13 06:00:00,2025-03-11 06:00:00,637,5.256514913657771,3.373866949294545,5.844036697247707
89299,14,2024-08-04 06:30:00,2025-02-23 07:00:00,203,2.0993103448275865,11.835715779036631,15.61698717948718
90270,2,2025-02-20 05:50:00,2025-02-27 05:50:00,7,8.697142857142858,,7.0
92832,76,2023-04-12 18:30:00,2024-11-21 06:30:00,588,3.934421768707483,3.022179802437019,7.8466666666666685
93930,4,2023-09-09 06:30:00,2023-11-03 06:00:00,54,2.254814814814815,26.582552343978755,18.32638888888889
94068,13,2023-07-11 19:30:00,2023-11-14 19:30:00,126,3.1406349206349207,7.0,10.5
96637,1,2023-11-17 06:00:00,2023-11-17 06:00:00,1,30.439999999999998,,
96819,6,2024-11-29 06:30:00,2025-01-08 06:30:00,40,4.566,3.4641016151377544,8.0
97354,5,2023-05-19 19:00:00,2024-01-05 19:00:00,231,0.658874458874459,74.38357793671038,57.75
98256,117,2023-02-05 07:30:00,2025-03-10 06:30:00,763,4.667732634338139,7.603229372039866,6.585847701149425
98811,14,2023-08-27 07:00:00,2024-08-04 06:30:00,342,1.2460818713450292,24.302163759066953,26.38301282051282
102842,19,2024-05-09 07:55:00,2024-09-12 07:25:00,125,4.62688,0.004910463758239843,6.998842592592593
104304,3,2025-02-26 19:30:00,2025-03-12 19:30:00,14,6.522857142857143,0.0,7.0
107325,5,2025-01-07 05:30:00,2025-03-01 07:30:00,53,2.871698113207547,6.929664828087261,13.270833333333334
107750,2,2025-02-18 19:30:00,2025-03-11 19:30:00,21,2.8990476190476193,,21.0
110403,10,2024-12-03 19:30:00,2025-03-13 19:30:00,100,3.044,11.994211566881381,11.11111111111111
